{"f1": {"1": 0.5996414699731103}, "asd": {"0": 1.7480487805019487}, "hd95": {"0": 18.009714732061965}}