{"bce_loss": {"1": 0.19164574246954275}, "dice_loss": {"1": 0.8007184826844448}, "total_loss": {"1": 0.4961821130804113}}